food,Energy (kcal),Fat (g),Saturated fat (g),Carbohydrates (g),Sugars (g),Proteins (g)
Pasta with Tomato Clam Sauce,410.96,4.11,0.0,71.23,8.22,24.66
Garlic Breadstick ,470.59,17.65,8.82,70.59,5.88,11.76
Spinach & Feta Pizza,500.0,21.88,10.94,50.0,3.12,28.12
Buffalo Chicken Pizza,476.19,16.67,7.14,40.48,2.38,42.86
Cheese Pizza,526.32,26.32,11.84,47.37,2.63,26.32
Grated Parmesan Cheese,555.56,33.33,22.22,22.22,0.0,44.44
Crushed Red Pepper,500.0,0.0,0.0,100.0,0.0,0.0
Dried Oregano,0.0,0.0,0.0,100.0,0.0,0.0
Garlic Knots,462.69,14.93,0.75,71.64,2.99,13.43
Marinara Sauce,500.0,0.0,0.0,100.0,50.0,0.0
Grilled Marinated Tilapia,512.2,24.39,4.88,2.44,0.0,73.17
Cilantro Lime Brown Rice ,427.18,2.91,0.0,87.38,0.0,9.71
Roasted Carrots ,484.85,21.21,0.0,72.73,36.36,6.06
Smashed Black Beans,448.98,10.2,0.0,65.31,4.08,24.49
Naan Bread,466.67,6.67,0.0,80.0,0.0,13.33
Moroccan Lamb and Tomato,562.5,31.25,9.38,25.0,12.5,43.75
Samosa Chaat,442.62,9.84,1.64,78.69,36.07,11.48
Basmati Rice,407.41,0.0,0.0,92.59,0.0,7.41
Tahini Sauce,642.86,57.14,7.14,28.57,0.0,14.29
creamy overnight oats,450.0,10.0,3.75,70.0,22.5,20.0
Blueberries,428.57,0.0,0.0,100.0,71.43,0.0
Semi Sweet Chocolate Chips,500.0,30.0,20.0,70.0,60.0,0.0
White Chocolate Chips,535.71,32.14,21.43,60.71,60.71,7.14
Shredded Coconut,600.0,40.0,40.0,60.0,60.0,0.0
Oats 'n Honey Granola,472.73,16.36,0.0,72.73,29.09,10.91
Roasted Sunflower Seeds,562.5,50.0,0.0,25.0,0.0,25.0
Dried Cranberries,366.67,0.0,0.0,100.0,86.67,0.0
Golden Raisins,375.0,0.0,0.0,100.0,87.5,0.0
Pitted Dates,363.64,0.0,0.0,95.45,81.82,4.55
Free Range Eggs,666.67,50.0,12.5,0.0,0.0,50.0
Eggs,642.86,42.86,14.29,0.0,0.0,57.14
Egg Whites,428.57,0.0,0.0,0.0,0.0,100.0
Diced Red Bell Peppers,500.0,0.0,0.0,100.0,100.0,0.0
Diced Tomatoes,500.0,0.0,0.0,100.0,50.0,0.0
Baby Spinach,375.0,0.0,0.0,50.0,0.0,50.0
Sliced Mushrooms,0.0,0.0,0.0,50.0,0.0,50.0
Chopped Green Bell Pepper,0.0,0.0,0.0,100.0,100.0,0.0
 Diced Onions,375.0,0.0,0.0,100.0,50.0,0.0
Diced Bacon,692.31,53.85,15.38,0.0,0.0,46.15
Italian Sausage Crumbles,777.78,55.56,22.22,0.0,0.0,44.44
Shredded Sharp American Cheese,833.33,66.67,50.0,0.0,0.0,33.33
Hamburger Patty,621.62,40.54,16.22,0.0,0.0,59.46
Grilled Chicken,500.0,23.33,5.0,0.0,0.0,76.67
All Beef Hot Dog,692.31,65.38,26.92,7.69,3.85,26.92
Onions and Peppers,684.21,57.89,36.84,36.84,15.79,5.26
French Fries,551.72,34.48,0.0,62.07,0.0,3.45
White Hot Dog Bun,415.09,5.66,0.0,79.25,11.32,15.09
White Hamburger Bun,441.18,5.88,0.0,79.41,11.76,14.71
American Cheese Slice,588.24,52.94,29.41,11.76,0.0,35.29
Ginger Miso Glazed PAOW,481.48,18.52,0.0,37.04,18.52,44.44
Edamame,466.67,20.0,1.67,33.33,6.67,46.67
Snap Peas with Red Pepper,615.38,38.46,0.0,46.15,30.77,15.38
tomato soup with garden vegetables,473.68,21.05,2.63,68.42,26.32,10.53
Classic Hummus,452.83,15.09,1.89,62.26,9.43,22.64
Baked Marinated Tofu,518.52,33.33,3.7,22.22,7.41,44.44
Fresh Cantaloupe ,400.0,0.0,0.0,93.33,93.33,6.67
Black Bean and Corn Salad,400.0,8.0,0.0,72.0,8.0,20.0
Red Potato Salad,516.13,25.81,4.84,67.74,6.45,6.45
Beet Salad,480.0,28.0,0.0,64.0,40.0,8.0
Marinated Olives,714.29,85.71,14.29,14.29,0.0,0.0
Oven Barbecued Pork Chops,539.47,25.0,6.58,26.32,18.42,48.68
FIT Tuna Salad,600.0,40.0,3.33,6.67,0.0,53.33
Chicken Salad,619.05,42.86,7.14,0.0,0.0,57.14
Sliced Smoked Ham,538.46,23.08,7.69,0.0,0.0,76.92
Thinly Sliced Deli Turkey Breast,500.0,16.67,0.0,16.67,0.0,66.67
Sliced Capicola,437.5,12.5,0.0,25.0,12.5,62.5
Sliced Genoa Salami,714.29,50.0,17.86,7.14,0.0,42.86
Traditional Hummus,583.33,33.33,0.0,50.0,16.67,16.67
Sliced Swiss Cheese,647.06,52.94,29.41,0.0,0.0,47.06
Sliced Sharp Cheddar Cheese,687.5,56.25,31.25,6.25,0.0,37.5
Sliced Provolone Cheese,625.0,50.0,31.25,6.25,0.0,43.75
Sliced Pepper Jack Cheese,687.5,56.25,31.25,0.0,0.0,43.75
Homemade Potato Chips,686.27,62.75,5.88,35.29,1.96,1.96
Sliced Tomatoes,0.0,0.0,0.0,100.0,0.0,0.0
Sliced Red Bell Pepper,500.0,0.0,0.0,100.0,100.0,0.0
Sliced Red Onion,500.0,0.0,0.0,100.0,100.0,0.0
Bread & Butter Pickles,416.67,0.0,0.0,100.0,83.33,0.0
Chopped Romaine Lettuce,333.33,0.0,0.0,66.67,33.33,33.33
Pesto Mayonnaise,888.89,100.0,16.67,0.0,0.0,0.0
Mayonnaise,900.0,100.0,15.0,0.0,0.0,0.0
Chipotle Garlic Ranch,866.67,93.33,13.33,6.67,6.67,0.0
Dijon Honey Dressing,684.21,63.16,10.53,36.84,31.58,0.0
Yellow Mustard,400.0,20.0,0.0,40.0,0.0,40.0
Creamy Caesar Dressing,833.33,88.89,13.89,5.56,0.0,5.56
Whole Wheat Bread,448.98,6.12,0.0,73.47,8.16,20.41
"12"" Garlic Herb Flour Tortilla",461.54,13.85,6.15,73.85,1.54,12.31
"12"" Spinach Herb Tortilla",460.32,12.7,6.35,74.6,0.0,12.7
"12"" Whole Wheat Flour Tortilla",460.32,14.29,6.35,74.6,6.35,11.11
"12"" Tomato Basil Flour Tortilla",461.54,13.85,6.15,72.31,0.0,13.85
"Signature Bread, Wheat",424.78,5.31,1.33,77.88,5.31,16.81
"Signature Bread, White",429.82,5.26,1.32,80.7,4.39,14.04
Olive Oil,888.89,100.0,12.96,0.0,0.0,0.0
Chicken Caesar Wrap,538.46,32.69,6.73,34.62,1.92,32.69
Chicken Noodle Soup,457.14,8.57,0.0,62.86,11.43,28.57
"Crackers, Oyster, Zesta, Keebler, 0.5 oz",500.0,8.33,0.0,83.33,0.0,8.33
Chocolate Chip Cookies,510.2,24.49,12.24,71.43,40.82,4.08
Sugar Cookies,500.0,20.83,10.42,75.0,41.67,4.17
Chocolate Cake with Chocolate Frosting,468.75,15.62,7.81,78.12,53.12,6.25
Iced Brownies,500.0,16.67,0.0,83.33,66.67,0.0
Fresh Celery,0.0,0.0,0.0,100.0,0.0,0.0
Fresh Mushrooms,0.0,0.0,0.0,50.0,0.0,50.0
Peppers,0.0,0.0,0.0,100.0,0.0,0.0
Black Olives,666.67,66.67,16.67,33.33,0.0,0.0
Roasted Butternut Squash,413.79,17.24,0.0,75.86,13.79,6.9
Roasted Corn,400.0,12.0,0.0,80.0,16.0,8.0
Curry Roasted Cauliflower,647.06,52.94,5.88,35.29,11.76,11.76
Parmesan Cheese,571.43,35.71,25.0,7.14,0.0,57.14
Cheddar Cheese,687.5,56.25,31.25,6.25,0.0,37.5
Hard Boiled Egg,636.36,45.45,13.64,0.0,0.0,54.55
california pasta salad,464.29,10.71,1.79,71.43,10.71,17.86
Three Bean Salad,461.54,11.54,0.0,76.92,53.85,11.54
Quinoa Salad,500.0,21.67,5.0,61.67,6.67,16.67
Toasted Sesame Dressing,666.67,66.67,8.33,16.67,0.0,16.67
Ranch,875.0,93.75,12.5,6.25,6.25,0.0
Italian Dressing,785.71,85.71,14.29,14.29,14.29,0.0
Balsamic Vinaigrette Dressing,631.58,47.37,0.0,52.63,42.11,0.0
Fat Free Raspberry Dressing,375.0,0.0,0.0,100.0,87.5,0.0
Fat Free Cottage Cheese,416.67,0.0,0.0,33.33,16.67,66.67
Cream Cheese,714.29,71.43,42.86,14.29,14.29,14.29
Maple Honey Cream Cheese,714.29,64.29,35.71,21.43,21.43,14.29
Strawberry Cream Cheese,714.29,57.14,35.71,28.57,21.43,14.29
Butter PC,875.0,100.0,56.25,0.0,0.0,0.0
"Margarine, Smart Balance, 5g",1000.0,100.0,33.33,0.0,0.0,0.0
Watermelon,375.0,0.0,0.0,91.67,75.0,8.33
Red Seedless Grapes,357.14,0.0,0.0,100.0,85.71,0.0
Cubed Pineapple,400.0,0.0,0.0,100.0,80.0,0.0
Cubed Cantaloupe,500.0,0.0,0.0,100.0,100.0,0.0
Shredded Vegan Cheddar Cheese,571.43,42.86,0.0,57.14,0.0,0.0
Garbanzo Beans,437.5,6.25,0.0,68.75,12.5,25.0
Black Beans,428.57,0.0,0.0,71.43,0.0,28.57
Salsa,500.0,0.0,0.0,100.0,50.0,0.0
Sweet and Sour Tofu,434.21,10.53,1.32,65.79,38.16,23.68
Tempeh,500.0,33.33,0.0,33.33,0.0,33.33
Hummus,583.33,50.0,0.0,33.33,0.0,16.67
Dark Red Kidney Beans,416.67,0.0,0.0,75.0,8.33,25.0
Sliced Dill Pickles,0.0,0.0,0.0,100.0,0.0,0.0
Cilantro Lime Slaw with Fish Sauce,631.58,47.37,0.0,42.11,21.05,10.53
Dill Relish,400.0,0.0,0.0,100.0,0.0,0.0
Sriracha Ketchup,300.0,0.0,0.0,100.0,80.0,0.0
Jalapeno Peppers,333.33,11.11,0.0,66.67,22.22,22.22
Sweet Thai Chili Sauce,388.89,0.0,0.0,100.0,83.33,0.0
Shredded Cheddar Cheese,680.0,56.0,32.0,4.0,0.0,40.0
Fried Tortilla Strips,416.67,16.67,0.0,66.67,0.0,16.67
Baked Wonton Strips,444.44,11.11,0.0,66.67,0.0,22.22
Sunflower Seeds,633.33,53.33,5.0,26.67,3.33,20.0
Raisins,357.14,0.0,0.0,100.0,85.71,0.0
Croutons,424.24,3.03,0.0,78.79,6.06,18.18
Canola Oil,888.89,100.0,7.41,0.0,0.0,0.0
Soy Sauce,0.0,0.0,0.0,0.0,0.0,100.0
Seasoned Rice Vinegar,750.0,0.0,0.0,100.0,0.0,0.0
2% Milk,480.0,20.0,12.0,48.0,48.0,32.0
Skim Milk,400.0,0.0,0.0,60.0,60.0,40.0
Low Fat Chocolate Milk,432.43,8.11,4.05,67.57,67.57,24.32
Rice Milk,458.33,8.33,0.0,87.5,50.0,4.17
Soy Milk,472.73,16.36,0.0,54.55,36.36,29.09
Grapefruit,350.0,0.0,0.0,90.0,60.0,10.0
Apple,388.89,0.0,0.0,100.0,77.78,0.0
Granny Smith Apple,388.89,0.0,0.0,100.0,77.78,0.0
Banana,375.0,0.0,0.0,95.83,50.0,4.17
Orange,400.0,0.0,0.0,93.33,73.33,6.67
Low Fat Strawberry Yogurt,400.0,5.45,3.64,76.36,76.36,18.18
Low Fat Vanilla Yogurt,415.09,1.89,0.0,83.02,60.38,15.09
Granola,488.89,20.0,2.22,73.33,42.22,6.67
Honey,352.94,0.0,0.0,100.0,100.0,0.0
Creamy Peanut Butter,625.0,50.0,9.38,25.0,12.5,25.0
Nutella,526.32,31.58,26.32,63.16,52.63,5.26
Grape Jelly,400.0,0.0,0.0,100.0,73.33,0.0
Orange Marmalade,357.14,0.0,0.0,100.0,85.71,0.0
Strawberry Jelly Preserves,428.57,0.0,0.0,100.0,71.43,0.0
Unsalted Butter,833.33,100.0,58.33,0.0,0.0,0.0
Smart Balance Margarine,900.0,100.0,20.0,0.0,0.0,0.0
1% Cottage Cheese,421.05,5.26,0.0,21.05,21.05,73.68
Mild Picante Salsa,500.0,0.0,0.0,100.0,50.0,0.0
Oreo Crumbles,538.46,23.08,0.0,76.92,46.15,0.0
Syrup,375.0,0.0,0.0,100.0,33.33,0.0
Waffle Batter,433.57,6.29,0.7,85.31,8.39,8.39
Cheerios,400.0,8.0,0.0,80.0,4.0,12.0
Rice Chex,431.37,1.96,0.0,90.2,7.84,7.84
Cocoa Puffs,411.76,5.88,0.0,88.24,38.24,5.88
Lucky Charms,405.8,4.35,0.0,86.96,34.78,8.7
Cinnamon Toast Crunch,447.37,10.53,1.32,86.84,31.58,2.63
Total Raisin Bran,367.35,2.04,0.0,91.84,36.73,6.12
"Peanut Butter, .75 oz, Jif",619.05,52.38,9.52,23.81,9.52,23.81
"Jelly, Assorted",400.0,0.0,0.0,100.0,70.0,0.0
